school_name,campus_location,program_name,program_cost,java,csharp_net,html,css,javascript,es6,jquery,nodejs,reactjs,redux,heroku,sql,mysql,postgress,mongodb,firebase,git,spring,api,applied_stats,python,r,regression,classification,clustering,time_series_analysis,anomaly_detection,language_processing,machine_learning,advanced_topics,story_telling_with_data,domain_expertise_development,reporting_start,reporting_end,course_length,graduates_included,graduated_ontime,intend_infield_employment,employed_infield_90days,employed_infield_180days,not_seeking_infield_90days,not_seeking_infield_180days,still_seeking_infield_90days,still_seeking_infield_180days,median_annual_salary90days,median_annual_salary180days,under70K_90days,under70K_180days,salary_70K_80K_90days,salary_70K_80K_180days,salary_80K_90K_90days,salary_80K_90K_180days,over90K_90days,over90K_180days,state
The Tech Academy,Online,Python Developer BootCamp,"9,540.00",0.0,0.0,1.0,1.0,1.0,0.0,0.0,0.0,0.0,0.0,0.0,1.0,0.0,0.0,0.0,0.0,0.0,0.0,0.0,0.0,1.0,0.0,0.0,0.0,0.0,0.0,0.0,0.0,0.0,0.0,0.0,0.0,7/1/2021,12/31/2021,Self-paced,9,82.4,90.0,55.6,66.7,11.1,11.1,11.1,0.0,"59,000","65,000",75.0,80.0,0.0,0.0,0.0,0.0,25.0,20.0,Online
The Tech Academy,Online,Data Science BootCamp,"9,540.00",0.0,0.0,1.0,1.0,1.0,0.0,0.0,0.0,0.0,0.0,0.0,1.0,0.0,0.0,0.0,0.0,0.0,0.0,0.0,1.0,1.0,1.0,1.0,1.0,1.0,1.0,1.0,1.0,1.0,1.0,1.0,1.0,1/1/2021,6/30/2021,Self-paced,3,100.0,100.0,66.7,100.0,0.0,0.0,33.3,0.0,"17,680","45,180",100.0,100.0,0.0,0.0,0.0,0.0,0.0,0.0,Online
Turing School of Software and Design,Online,Back End Engineering,"25,000.00",-1.0,-1.0,-1.0,-1.0,-1.0,-1.0,-1.0,-1.0,-1.0,-1.0,-1.0,-1.0,-1.0,-1.0,-1.0,-1.0,-1.0,-1.0,-1.0,-1.0,-1.0,-1.0,-1.0,-1.0,-1.0,-1.0,-1.0,-1.0,-1.0,-1.0,-1.0,-1.0,1/1/2021,6/30/2021,220,84,68.0,100.0,64.3,76.2,2.4,2.4,31.0,19.0,"77,000","75,000",15.1,17.5,37.7,33.3,28.3,33.3,18.9,15.9,Online
Codeup,Dallas,Full-Stack Web Development,"22,500.00",1.0,0.0,1.0,1.0,1.0,0.0,1.0,0.0,0.0,0.0,0.0,0.0,1.0,0.0,0.0,0.0,1.0,1.0,0.0,0.0,0.0,0.0,0.0,0.0,0.0,0.0,0.0,0.0,0.0,0.0,0.0,0.0,1/1/2021,6/30/2021,200,14,82.4,100.0,50.0,92.9,0.0,0.0,50.0,7.1,"60,000","50,000",100.0,92.4,0.0,0.0,0.0,7.7,0.0,0.0,Texas
Code Platoon,Chicago,Full-Stack Web Development,"15,500.00",0.0,0.0,1.0,1.0,1.0,0.0,0.0,0.0,1.0,0.0,0.0,1.0,0.0,1.0,0.0,0.0,1.0,0.0,0.0,0.0,1.0,0.0,0.0,0.0,0.0,0.0,0.0,0.0,0.0,0.0,0.0,0.0,7/1/2021,12/31/2021,120,16,81.0,94.1,62.5,81.3,0.0,0.0,37.5,18.8,"90,000","90,000",0.0,0.0,22.2,25.0,22.2,16.7,55.5,58.4,Illinois
Tech Elevator,Pittsburgh,Full-Stack Software Development,"16,500.00",1.0,1.0,1.0,1.0,1.0,0.0,0.0,0.0,0.0,0.0,0.0,1.0,0.0,0.0,0.0,0.0,0.0,0.0,0.0,0.0,0.0,0.0,0.0,0.0,0.0,0.0,0.0,0.0,0.0,0.0,0.0,0.0,1/1/2021,6/30/2021,95,42,95.5,100.0,66.7,90.4,2.4,4.8,28.5,2.4,"60,000","60,000",82.1,84.2,14.3,10.5,3.6,5.3,0.0,0.0,Pennsylvania
Codeup,San Antonio,Data Science BootCamp,"22,500.00",0.0,0.0,0.0,0.0,0.0,0.0,0.0,0.0,0.0,0.0,0.0,1.0,0.0,0.0,0.0,0.0,0.0,0.0,0.0,1.0,1.0,0.0,1.0,1.0,1.0,1.0,1.0,1.0,1.0,1.0,1.0,1.0,7/1/2021,12/31/2021,200,42,85.7,100.0,78.6,88.1,0.0,0.0,21.4,11.9,"65,000","65,000",54.5,56.7,21.2,21.6,15.2,13.5,9.1,8.1,Texas
Codeup,San Antonio,Data Science BootCamp,"22,500.00",0.0,0.0,0.0,0.0,0.0,0.0,0.0,0.0,0.0,0.0,0.0,1.0,0.0,0.0,0.0,0.0,0.0,0.0,0.0,1.0,1.0,0.0,1.0,1.0,1.0,1.0,1.0,1.0,1.0,1.0,1.0,1.0,7/1/2020,12/21/2020,165,16,94.1,100.0,43.8,81.3,0.0,0.0,56.3,18.8,"70,000","71,400",37.5,28.5,50.0,50.0,0.0,14.3,12.5,7.1,Texas
Code Platoon,Chicago,Full-Stack Web Development,"15,500.00",0.0,0.0,1.0,1.0,1.0,0.0,0.0,0.0,1.0,0.0,0.0,1.0,0.0,1.0,0.0,0.0,1.0,0.0,0.0,0.0,1.0,0.0,0.0,0.0,0.0,0.0,0.0,0.0,0.0,0.0,0.0,0.0,7/1/2020,12/31/2020,104,15,88.2,93.3,46.7,60.0,6.7,6.7,40.0,26.7,"72,800","72,800",28.6,33.3,28.6,22.2,14.3,22.2,28.6,22.2,Illinois
Codesmith,Los Angeles,Full-Stack Web Development,"20,925.00",0.0,0.0,0.0,0.0,0.0,1.0,0.0,1.0,1.0,1.0,0.0,0.0,0.0,1.0,1.0,0.0,0.0,0.0,0.0,0.0,0.0,0.0,0.0,0.0,0.0,0.0,0.0,0.0,0.0,0.0,0.0,0.0,1/1/2021,6/30/2021,100,130,94.8,99.2,48.1,85.3,0.0,0.0,51.9,14.7,"123,250","124,900",0.0,0.0,0.0,0.0,0.0,0.0,100.1,100.0,California
Tech Elevator,Remote,Full-Stack Software Development,"16,500.00",1.0,1.0,1.0,1.0,1.0,0.0,0.0,0.0,0.0,0.0,0.0,1.0,0.0,0.0,0.0,0.0,0.0,0.0,0.0,0.0,0.0,0.0,0.0,0.0,0.0,0.0,0.0,0.0,0.0,0.0,0.0,0.0,1/1/2021,6/30/2021,95,59,88.1,79.7,61.0,89.8,0.0,0.0,35.6,6.8,"65,000","64,500",58.3,62.2,22.2,17.0,13.9,11.4,5.6,7.5,Online
Tech Elevator,Cleveland,Full-Stack Software Development,"16,500.00",1.0,1.0,1.0,1.0,1.0,0.0,0.0,0.0,0.0,0.0,0.0,1.0,0.0,0.0,0.0,0.0,0.0,0.0,0.0,0.0,0.0,0.0,0.0,0.0,0.0,0.0,0.0,0.0,0.0,0.0,0.0,0.0,1/1/2021,6/30/2021,95,31,94.7,86.1,74.2,83.9,0.0,0.0,16.1,6.4,"55,000","55,000",100.0,100.0,0.0,0.0,0.0,0.0,0.0,0.0,Ohio
Tech Elevator,Columbus,Full-Stack Software Development,"16,500.00",1.0,1.0,1.0,1.0,1.0,0.0,0.0,0.0,0.0,0.0,0.0,1.0,0.0,0.0,0.0,0.0,0.0,0.0,0.0,0.0,0.0,0.0,0.0,0.0,0.0,0.0,0.0,0.0,0.0,0.0,0.0,0.0,7/1/2021,12/31/2021,95,116,95.2,98.3,85.3,94.0,0.0,0.0,10.4,1.7,"68,000","67,000",55.6,57.8,20.2,19.3,22.2,21.1,2.0,1.8,Ohio
Codeup,San Antonio,Full-Stack Web Development,"22,500.00",1.0,0.0,1.0,1.0,1.0,0.0,1.0,0.0,0.0,0.0,0.0,0.0,1.0,0.0,0.0,0.0,1.0,1.0,0.0,0.0,0.0,0.0,0.0,0.0,0.0,0.0,0.0,0.0,0.0,0.0,0.0,0.0,7/1/2021,12/31/2021,200,81,86.2,100.0,58.0,81.5,0.0,0.0,42.0,18.5,"60,000","62,400",80.9,80.3,10.6,12.1,4.3,3.0,4.3,4.5,Texas
Codeup,San Antonio,Full-Stack Web Development-Java,"22,500.00",1.0,0.0,1.0,1.0,1.0,0.0,1.0,0.0,0.0,0.0,0.0,0.0,1.0,0.0,0.0,0.0,1.0,1.0,0.0,0.0,0.0,0.0,0.0,0.0,0.0,0.0,0.0,0.0,0.0,0.0,0.0,0.0,7/1/2020,12/31/2020,170,38,80.9,100.0,36.8,63.2,0.0,2.6,63.2,34.2,"62,504","52,000",78.5,90.4,7.1,3.2,14.3,6.5,0.0,0.0,Texas
Tech Elevator,Cincinnati,Full-Stack Software Development,"16,500.00",1.0,1.0,1.0,1.0,1.0,0.0,0.0,0.0,0.0,0.0,0.0,1.0,0.0,0.0,0.0,0.0,0.0,0.0,0.0,0.0,0.0,0.0,0.0,0.0,0.0,0.0,0.0,0.0,0.0,0.0,0.0,0.0,7/1/2021,12/31/2021,95,64,95.5,100.0,87.5,93.7,0.0,0.0,10.9,4.7,"60,000","60,000",89.3,89.9,7.1,6.7,3.6,3.4,0.0,0.0,Ohio
Code Platoon,Chicago,Full-Stack Web Development,"15,500.00",0.0,0.0,1.0,1.0,1.0,0.0,0.0,0.0,1.0,0.0,0.0,1.0,0.0,1.0,0.0,0.0,1.0,0.0,0.0,0.0,1.0,0.0,0.0,0.0,0.0,0.0,0.0,0.0,0.0,0.0,0.0,0.0,7/1/2021,12/31/2021,220,12,85.7,100.0,58.3,83.3,0.0,0.0,25.0,0.0,"123,000","105,000",16.7,22.2,0.0,11.1,0.0,0.0,83.4,66.6,Illinois
Codesmith,Remote,Full-Stack Web Development,"20,925.00",0.0,0.0,0.0,0.0,0.0,1.0,0.0,1.0,1.0,1.0,0.0,0.0,0.0,1.0,1.0,0.0,0.0,0.0,0.0,0.0,0.0,0.0,0.0,0.0,0.0,0.0,0.0,0.0,0.0,0.0,0.0,0.0,7/1/2021,12/31/2021,100,110,91.9,94.0,40.0,80.9,0.0,0.0,60.0,19.1,"129,000","128,000",0.0,0.0,0.0,0.0,0.0,0.0,100.0,99.9,Online
Tech Elevator,Philadelphia,Full-Stack Software Development,"16,500.00",1.0,1.0,1.0,1.0,1.0,0.0,0.0,0.0,0.0,0.0,0.0,1.0,0.0,0.0,0.0,0.0,0.0,0.0,0.0,0.0,0.0,0.0,0.0,0.0,0.0,0.0,0.0,0.0,0.0,0.0,0.0,0.0,7/1/2021,12/31/2021,95,58,93.5,100.0,63.8,86.2,3.4,3.4,24.1,1.7,"75,000","70,000",5.4,8.0,5.4,12.0,27.0,28.0,62.2,52.0,Pennsylvania
Turing School of Software and Design,Online,Front End Engineering,"25,000.00",-1.0,-1.0,-1.0,-1.0,-1.0,-1.0,-1.0,-1.0,-1.0,-1.0,-1.0,-1.0,-1.0,-1.0,-1.0,-1.0,-1.0,-1.0,-1.0,-1.0,-1.0,-1.0,-1.0,-1.0,-1.0,-1.0,-1.0,-1.0,-1.0,-1.0,-1.0,-1.0,1/1/2021,6/30/2021,220,85,72.3,100.0,58.8,70.6,3.5,3.5,30.6,18.8,"85,000","80,000",13.7,16.4,19.6,18.0,41.2,39.3,25.5,26.2,Online
Juno College of Technology,Toronto,Web Development Immersive,"2,000.00",0.0,0.0,1.0,1.0,1.0,0.0,1.0,0.0,1.0,0.0,0.0,0.0,0.0,0.0,0.0,1.0,1.0,0.0,1.0,0.0,0.0,0.0,0.0,0.0,0.0,0.0,0.0,0.0,0.0,0.0,0.0,0.0,7/1/2021,12/31/2021,77,110,95.8,99.0,37.1,70.1,5.2,6.2,57.7,23.7,"60,000","60,000",84.2,82.6,10.5,8.7,0.0,1.4,5.3,7.2,Canada
The Tech Academy,Online,Software Developer BootCamp,"9,540.00",0.0,1.0,1.0,1.0,1.0,0.0,0.0,0.0,0.0,0.0,0.0,1.0,0.0,0.0,0.0,0.0,0.0,0.0,0.0,0.0,1.0,0.0,0.0,0.0,0.0,0.0,0.0,0.0,0.0,0.0,0.0,0.0,7/1/2021,12/31/2021,Self-paced,46,61.5,95.8,50.0,63.0,6.5,6.5,34.8,21.7,"45,760","57,000",76.4,78.3,5.9,4.3,17.6,17.4,0.0,0.0,Online
The Tech Academy,Online,Front-End Web Developer BootCamp,"9,540.00",0.0,0.0,1.0,1.0,1.0,0.0,0.0,0.0,0.0,0.0,0.0,0.0,0.0,0.0,0.0,0.0,1.0,0.0,0.0,0.0,0.0,0.0,0.0,0.0,0.0,0.0,0.0,0.0,0.0,0.0,0.0,0.0,1/1/2021,6/30/2021,Self-paced,14,90.9,93.3,57.1,78.6,14.3,14.3,28.6,7.1,"24,000","37,440",99.9,99.9,0.0,0.0,0.0,0.0,0.0,0.0,Online
Codesmith,New York,Full-Stack Web Development,"20,925.00",0.0,0.0,0.0,0.0,0.0,1.0,0.0,1.0,1.0,1.0,0.0,0.0,0.0,1.0,1.0,0.0,0.0,0.0,0.0,0.0,0.0,0.0,0.0,0.0,0.0,0.0,0.0,0.0,0.0,0.0,0.0,0.0,1/1/2021,6/30/2021,100,123,94.7,96.9,51.2,89.4,0.0,0.0,48.8,10.6,"125,000","124,000",0.0,0.0,0.0,0.0,0.0,0.0,100.0,100.1,New York
The Tech Academy,Salt Lake City,Software Developer BootCamp,"9,540.00",0.0,1.0,1.0,1.0,1.0,0.0,0.0,0.0,0.0,0.0,0.0,1.0,0.0,0.0,0.0,0.0,0.0,0.0,0.0,0.0,1.0,0.0,0.0,0.0,0.0,0.0,0.0,0.0,0.0,0.0,0.0,0.0,7/1/2020,12/31/2020,Self-paced,10,90.9,100.0,50.0,50.0,0.0,0.0,50.0,50.0,"49,920","49,920",100.0,100.0,0.0,0.0,0.0,0.0,0.0,0.0,Utah
Tech Elevator,Remote,Full-Stack Software Development,"16,500.00",1.0,1.0,1.0,1.0,1.0,0.0,0.0,0.0,0.0,0.0,0.0,1.0,0.0,0.0,0.0,0.0,0.0,0.0,0.0,0.0,0.0,0.0,0.0,0.0,0.0,0.0,0.0,0.0,0.0,0.0,0.0,0.0,7/1/2021,12/31/2021,95,93,88.6,100.0,66.7,89.2,0.0,0.0,25.8,3.3,"69,500","65,000",50.0,59.0,19.4,15.7,9.6,9.6,21.0,15.7,Online
Tech Elevator,Cleveland,Full-Stack Software Development,"16,500.00",1.0,1.0,1.0,1.0,1.0,0.0,0.0,0.0,0.0,0.0,0.0,1.0,0.0,0.0,0.0,0.0,0.0,0.0,0.0,0.0,0.0,0.0,0.0,0.0,0.0,0.0,0.0,0.0,0.0,0.0,0.0,0.0,7/1/2021,12/31/2021,95,73,96.7,83.0,93.2,94.5,0.0,1.4,6.8,4.1,"65,250","65,500",73.6,73.9,17.6,17.4,8.8,8.7,0.0,0.0,Ohio
Tech Elevator,Columbus,Full-Stack Software Development,"16,500.00",1.0,1.0,1.0,1.0,1.0,0.0,0.0,0.0,0.0,0.0,0.0,1.0,0.0,0.0,0.0,0.0,0.0,0.0,0.0,0.0,0.0,0.0,0.0,0.0,0.0,0.0,0.0,0.0,0.0,0.0,0.0,0.0,1/1/2021,6/30/2021,95,47,96.3,90.4,85.1,93.6,0.0,0.0,14.9,6.4,"63,050","65,000",80.0,77.2,12.5,11.4,7.5,11.4,0.0,0.0,Ohio
Code Chrysalis,Tokyo,The Immersive Bootcamp,"9,700.00",0.0,0.0,1.0,1.0,1.0,0.0,0.0,1.0,1.0,0.0,0.0,1.0,0.0,0.0,0.0,0.0,1.0,-1.0,1.0,0.0,0.0,0.0,0.0,0.0,0.0,0.0,0.0,0.0,0.0,0.0,0.0,0.0,7/1/2020,12/31/2020,84,40,93.0,88.9,52.5,72.5,0.0,0.0,37.5,17.5,"41,276","42,382",80.0,78.7,5.0,7.1,15.0,14.3,0.0,0.0,Japan
Codeup,San Antonio - Vogue,Full-Stack Web Development,"22,500.00",1.0,0.0,1.0,1.0,1.0,0.0,1.0,0.0,0.0,0.0,0.0,0.0,1.0,0.0,0.0,0.0,1.0,1.0,0.0,0.0,0.0,0.0,0.0,0.0,0.0,0.0,0.0,0.0,0.0,0.0,0.0,0.0,1/1/2021,6/30/2021,200,66,75.0,100.0,59.1,84.8,1.5,1.5,39.4,13.6,"54,654","55,750",89.4,89.1,2.6,3.6,5.3,5.5,2.6,1.8,Texas
Codeup,Dallas,Full-Stack Web Development-Java,"22,500.00",1.0,0.0,1.0,1.0,1.0,0.0,1.0,0.0,0.0,0.0,0.0,0.0,1.0,0.0,0.0,0.0,1.0,1.0,0.0,0.0,0.0,0.0,0.0,0.0,0.0,0.0,0.0,0.0,0.0,0.0,0.0,0.0,7/1/2020,12/21/2020,170,17,100.0,100.0,50.0,75.0,0.0,0.0,50.0,25.0,"52,187","50,000",100.0,93.3,0.0,0.0,0.0,6.7,0.0,0.0,Texas
Tech Elevator,Cincinnati,Full-Stack Software Development,"16,500.00",1.0,1.0,1.0,1.0,1.0,0.0,0.0,0.0,0.0,0.0,0.0,1.0,0.0,0.0,0.0,0.0,0.0,0.0,0.0,0.0,0.0,0.0,0.0,0.0,0.0,0.0,0.0,0.0,0.0,0.0,0.0,0.0,1/1/2021,6/30/2021,95,34,89.7,97.1,64.8,76.5,5.8,8.8,14.7,0.0,"60,000","60,000",90.9,92.3,9.1,7.7,0.0,0.0,0.0,0.0,Ohio
Codeup,Dallas,Full-Stack Web Development,"22,500.00",1.0,0.0,1.0,1.0,1.0,0.0,1.0,0.0,0.0,0.0,0.0,0.0,1.0,0.0,0.0,0.0,1.0,1.0,0.0,0.0,0.0,0.0,0.0,0.0,0.0,0.0,0.0,0.0,0.0,0.0,0.0,0.0,7/1/2021,12/31/2021,200,17,89.5,100.0,58.8,82.4,0.0,0.0,41.2,17.6,"60,000","53,500",80.0,78.6,10.0,7.1,10.0,14.3,0.0,0.0,Texas
Code Platoon,Chicago,Full-Stack Web Development,"15,500.00",0.0,0.0,1.0,1.0,1.0,0.0,0.0,0.0,1.0,0.0,0.0,1.0,0.0,1.0,0.0,0.0,1.0,0.0,0.0,0.0,1.0,0.0,0.0,0.0,0.0,0.0,0.0,0.0,0.0,0.0,0.0,0.0,1/1/2021,6/30/2021,120,55,91.8,98.2,64.2,84.9,0.0,0.0,34.0,13.2,"88,500","82,500",26.5,26.1,11.8,10.9,11.8,17.4,50.0,45.7,Illinois
Launch Academy,Boston,Fundamentals of Web Development,"17,500.00",0.0,0.0,0.0,0.0,1.0,0.0,0.0,1.0,1.0,0.0,1.0,1.0,0.0,1.0,0.0,0.0,1.0,0.0,1.0,0.0,0.0,0.0,0.0,0.0,0.0,0.0,0.0,0.0,0.0,0.0,0.0,0.0,7/1/2021,12/31/2021,90,15,57.7,93.3,64.3,92.9,0.0,0.0,35.7,7.1,"70,000","70,000",33.4,46.1,33.3,23.1,33.3,23.1,0.0,7.7,Massachusetts
Codeup,San Antonio - Vogue,Data Science BootCamp,"22,500.00",0.0,0.0,0.0,0.0,0.0,0.0,0.0,0.0,0.0,0.0,0.0,1.0,0.0,0.0,0.0,0.0,0.0,0.0,0.0,1.0,1.0,0.0,1.0,1.0,1.0,1.0,1.0,1.0,1.0,1.0,1.0,1.0,1/1/2021,6/30/2021,200,36,94.7,100.0,63.9,86.1,2.8,2.8,33.3,11.1,"61,662","65,000",56.5,64.5,13.0,9.7,21.7,19.4,8.7,6.5,Texas
Tech Elevator,Pittsburgh,Full-Stack Software Development,"16,500.00",1.0,1.0,1.0,1.0,1.0,0.0,0.0,0.0,0.0,0.0,0.0,1.0,0.0,0.0,0.0,0.0,0.0,0.0,0.0,0.0,0.0,0.0,0.0,0.0,0.0,0.0,0.0,0.0,0.0,0.0,0.0,0.0,7/1/2021,12/31/2021,95,100,95.2,100.0,84.0,91.0,3.0,3.0,10.0,3.0,"66,250","65,000",26.2,71.5,44.0,25.3,26.2,3.2,3.6,0.0,Pennsylvania
Codesmith,Remote,Full-Stack Web Development,"20,925.00",0.0,0.0,0.0,0.0,0.0,1.0,0.0,1.0,1.0,1.0,0.0,0.0,0.0,1.0,1.0,0.0,0.0,0.0,0.0,0.0,0.0,0.0,0.0,0.0,0.0,0.0,0.0,0.0,0.0,0.0,0.0,0.0,7/1/2021,12/31/2021,100,62,95.7,93.9,46.8,82.3,0.0,0.0,53.2,17.7,"137,000","130,000",0.0,0.0,0.0,0.0,0.0,0.0,100.0,100.0,Online
Turing School of Software and Design,Online,Back End Engineering,"25,000.00",-1.0,-1.0,-1.0,-1.0,-1.0,-1.0,-1.0,-1.0,-1.0,-1.0,-1.0,-1.0,-1.0,-1.0,-1.0,-1.0,-1.0,-1.0,-1.0,-1.0,-1.0,-1.0,-1.0,-1.0,-1.0,-1.0,-1.0,-1.0,-1.0,-1.0,-1.0,-1.0,7/1/2021,12/31/2021,220,47,48.1,100.0,55.4,78.6,0.0,0.0,39.3,16.1,"88,680","86,500",0.0,0.0,13.3,16.3,36.7,32.6,50.0,51.2,Online
Codesmith,Remote,Full-Stack Web Development,"20,925.00",0.0,0.0,0.0,0.0,0.0,1.0,0.0,1.0,1.0,1.0,0.0,0.0,0.0,1.0,1.0,0.0,0.0,0.0,0.0,0.0,0.0,0.0,0.0,0.0,0.0,0.0,0.0,0.0,0.0,0.0,0.0,0.0,7/1/2021,12/31/2021,100,91,92.8,96.8,52.7,83.5,0.0,0.0,47.3,16.5,"139,450","140,000",0.0,0.0,0.0,0.0,0.0,0.0,100.0,100.0,Online
The Tech Academy,Online,Python Developer BootCamp,"9,540.00",0.0,0.0,1.0,1.0,1.0,0.0,0.0,0.0,0.0,0.0,0.0,1.0,0.0,0.0,0.0,0.0,0.0,0.0,0.0,0.0,1.0,0.0,0.0,0.0,0.0,0.0,0.0,0.0,0.0,0.0,0.0,0.0,1/1/2021,6/30/2021,Self-paced,16,78.3,100.0,56.3,68.8,0.0,0.0,31.3,18.8,0,"52,000",100.0,100.0,0.0,0.0,0.0,0.0,0.0,0.0,Online
The Tech Academy,Online,C# and .NET Boot Camp,"9,540.00",0.0,1.0,1.0,1.0,0.0,0.0,0.0,0.0,0.0,0.0,0.0,1.0,0.0,0.0,0.0,0.0,0.0,0.0,0.0,0.0,0.0,0.0,0.0,0.0,0.0,0.0,0.0,0.0,0.0,0.0,0.0,0.0,1/1/2021,6/30/2021,Self-paced,33,57.1,97.1,51.5,60.6,12.1,15.2,21.2,9.1,"37,440","55,000",53.9,53.3,0.0,0.0,46.2,46.7,0.0,0.0,Online
Codesmith,Remote,Part-Time Full-Stack Web Development,"20,925.00",0.0,0.0,0.0,0.0,0.0,1.0,0.0,1.0,1.0,1.0,0.0,0.0,0.0,1.0,1.0,0.0,0.0,0.0,0.0,0.0,0.0,0.0,0.0,0.0,0.0,0.0,0.0,0.0,0.0,0.0,0.0,0.0,1/1/2021,6/30/2021,270,25,100.0,89.3,70.8,87.5,0.0,0.0,29.2,12.5,"125,000","125,000",0.0,0.0,0.0,0.0,0.0,0.0,100.0,99.8,Online
Tech Elevator,Philadelphia,Full-Stack Software Development,"16,500.00",1.0,1.0,1.0,1.0,1.0,0.0,0.0,0.0,0.0,0.0,0.0,1.0,0.0,0.0,0.0,0.0,0.0,0.0,0.0,0.0,0.0,0.0,0.0,0.0,0.0,0.0,0.0,0.0,0.0,0.0,0.0,0.0,1/1/2021,6/30/2021,95,23,88.5,100.0,69.6,91.3,0.0,0.0,21.7,0.0,"74,500","75,000",31.3,33.3,37.5,28.6,25.0,28.6,6.2,9.5,Pennsylvania
Turing School of Software and Design,Online,Front End Engineering,"25,000.00",-1.0,-1.0,-1.0,-1.0,-1.0,-1.0,-1.0,-1.0,-1.0,-1.0,-1.0,-1.0,-1.0,-1.0,-1.0,-1.0,-1.0,-1.0,-1.0,-1.0,-1.0,-1.0,-1.0,-1.0,-1.0,-1.0,-1.0,-1.0,-1.0,-1.0,-1.0,-1.0,7/1/2021,12/31/2021,220,59,74.4,100.0,72.3,84.6,1.5,1.5,24.6,12.3,"82,500","80,000",20.8,21.4,18.8,17.9,29.2,30.4,31.3,30.4,Online
Juno College of Technology,Toronto,Web Development Immersive,"2,000.00",0.0,0.0,1.0,1.0,1.0,0.0,1.0,0.0,1.0,0.0,0.0,0.0,0.0,0.0,0.0,1.0,1.0,0.0,1.0,0.0,0.0,0.0,0.0,0.0,0.0,0.0,0.0,0.0,0.0,0.0,0.0,0.0,1/1/2021,6/30/2021,77,123,94.0,100.0,59.3,79.7,1.6,2.4,39.0,17.9,"56,160","56,160",77.7,78.7,9.7,9.7,2.8,2.9,9.7,8.7,Canada
The Tech Academy,Online,Software Developer BootCamp,"9,540.00",0.0,1.0,1.0,1.0,1.0,0.0,0.0,0.0,0.0,0.0,0.0,1.0,0.0,0.0,0.0,0.0,0.0,0.0,0.0,0.0,1.0,0.0,0.0,0.0,0.0,0.0,0.0,0.0,0.0,0.0,0.0,0.0,1/1/2021,6/30/2021,Self-paced,55,59.1,96.5,52.7,63.6,5.5,5.5,34.5,23.6,0,"57,500",72.2,65.4,5.6,7.7,16.7,15.4,5.6,11.5,Online
The Tech Academy,Online,Software Developer BootCamp,"9,540.00",0.0,1.0,1.0,1.0,1.0,0.0,0.0,0.0,0.0,0.0,0.0,1.0,0.0,0.0,0.0,0.0,0.0,0.0,0.0,0.0,1.0,0.0,0.0,0.0,0.0,0.0,0.0,0.0,0.0,0.0,0.0,0.0,1/1/2021,6/30/2021,Self-paced,55,59.1,96.5,52.7,63.6,5.5,5.5,34.5,23.6,0,"57,500",72.2,65.4,5.6,7.7,16.7,15.4,5.6,11.5,Online
Juno College of Technology,Toronto,Data Analytics Bootcamp,"2,000.00",0.0,0.0,0.0,0.0,0.0,0.0,0.0,0.0,0.0,0.0,0.0,1.0,0.0,0.0,0.0,0.0,0.0,0.0,0.0,0.0,1.0,0.0,0.0,0.0,0.0,0.0,0.0,0.0,0.0,0.0,1.0,0.0,7/1/2021,12/31/2021,77,26,100.0,96.3,26.9,57.7,7.7,11.5,65.4,30.8,"70,000","67,500",42.9,53.3,28.6,26.7,0.0,6.7,28.6,13.3,Canada
The Tech Academy,Online,Front-End Web Developer BootCamp,"9,540.00",0.0,0.0,1.0,1.0,1.0,0.0,0.0,0.0,0.0,0.0,0.0,0.0,0.0,0.0,0.0,0.0,1.0,0.0,0.0,0.0,0.0,0.0,0.0,0.0,0.0,0.0,0.0,0.0,0.0,0.0,0.0,0.0,7/1/2021,12/31/2021,Self-paced,9,86.7,100.0,77.8,88.9,0.0,0.0,22.2,11.1,"37,440","39,720",100.0,100.0,0.0,0.0,0.0,0.0,0.0,0.0,Online
The Tech Academy,Online,C# and .NET Boot Camp,"9,540.00",0.0,1.0,1.0,1.0,0.0,0.0,0.0,0.0,0.0,0.0,0.0,1.0,0.0,0.0,0.0,0.0,0.0,0.0,0.0,0.0,0.0,0.0,0.0,0.0,0.0,0.0,0.0,0.0,0.0,0.0,0.0,0.0,7/1/2021,12/31/2021,Self-paced,13,88.5,100.0,69.2,69.2,7.7,7.7,15.4,15.4,"37,440","55,016",100.1,100.1,0.0,0.0,0.0,0.0,0.0,0.0,Online
Codesmith,Remote,Full-Stack Web Development,"20,925.00",0.0,0.0,0.0,0.0,0.0,1.0,0.0,1.0,1.0,1.0,0.0,0.0,0.0,1.0,1.0,0.0,0.0,0.0,0.0,0.0,0.0,0.0,0.0,0.0,0.0,0.0,0.0,0.0,0.0,0.0,0.0,0.0,7/1/2021,12/31/2021,270,40,93.5,93.0,60.0,87.5,0.0,0.0,40.0,12.5,"126,000","137,600",0.0,0.0,0.0,0.0,0.0,0.0,100.0,99.9,Online
Tech Elevator,Wilmington,Full-Stack Software Development,"16,500.00",1.0,1.0,1.0,1.0,1.0,0.0,0.0,0.0,0.0,0.0,0.0,1.0,0.0,0.0,0.0,0.0,0.0,0.0,0.0,0.0,0.0,0.0,0.0,0.0,0.0,0.0,0.0,0.0,0.0,0.0,0.0,0.0,7/1/2021,12/31/2021,95,7,70.0,100.0,28.5,42.8,28.6,28.6,28.6,14.3,"65,000","70,000",50.0,33.3,50.0,66.7,0.0,0.0,0.0,0.0,Delaware
Tech Elevator,Cleveland,Full-Stack Software Development,"16,500.00",1.0,1.0,1.0,1.0,1.0,0.0,0.0,0.0,0.0,0.0,0.0,1.0,0.0,0.0,0.0,0.0,0.0,0.0,0.0,0.0,0.0,0.0,0.0,0.0,0.0,0.0,0.0,0.0,0.0,0.0,0.0,0.0,1/1/2022,6/30/2022,95,39,89.7,100.0,62.9,77.1,0.0,0.0,37.1,22.9,"64,250.00","60,000.00",63.6,71.4,22.7,17.9,9.1,7.1,4.5,3.6,Ohio
Codeup,Dallas,Full-Stack Web Development-Java,"22,500.00",1.0,0.0,1.0,1.0,1.0,0.0,1.0,0.0,0.0,0.0,0.0,0.0,1.0,0.0,0.0,0.0,1.0,1.0,0.0,0.0,0.0,0.0,0.0,0.0,0.0,0.0,0.0,0.0,0.0,0.0,0.0,0.0,1/1/2022,6/30/2022,200,21,87.5,100.0,76.2,76.2,0.0,0.0,23.8,23.8,"62,700.00","57,120.00",75.0,81.3,0.0,0.0,0.0,6.3,25.0,12.5,Texas
Launch Academy,Boston,Fundamentals of Web Development,"17,500.00",0.0,0.0,0.0,0.0,1.0,0.0,0.0,1.0,1.0,0.0,1.0,1.0,0.0,1.0,0.0,0.0,1.0,0.0,1.0,0.0,0.0,0.0,0.0,0.0,0.0,0.0,0.0,0.0,0.0,0.0,0.0,0.0,1/1/2022,6/30/2022,90,23,59.0,100.0,69.6,82.6,0.0,0.0,30.4,17.4,"78,750.00","72,500.00",37.6,42.1,12.5,10.5,18.8,15.8,31.3,31.6,Massachusetts
Tech Elevator,Columbus,Full-Stack Software Development,"16,500.00",1.0,1.0,1.0,1.0,1.0,0.0,0.0,0.0,0.0,0.0,0.0,1.0,0.0,0.0,0.0,0.0,0.0,0.0,0.0,0.0,0.0,0.0,0.0,0.0,0.0,0.0,0.0,0.0,0.0,0.0,0.0,0.0,1/1/2022,6/30/2022,95,47,89.3,90.4,78.7,87.2,0.0,0.0,21.3,12.8,"69,250.00","69,250.00",50.0,50.0,34.2,31.0,10.5,14.3,5.3,4.8,Ohio
Tech Elevator,Wilmington,Full-Stack Software Development,"16,500.00",1.0,1.0,1.0,1.0,1.0,0.0,0.0,0.0,0.0,0.0,0.0,1.0,0.0,0.0,0.0,0.0,0.0,0.0,0.0,0.0,0.0,0.0,0.0,0.0,0.0,0.0,0.0,0.0,0.0,0.0,0.0,0.0,1/1/2022,6/30/2022,95,24,83.3,100.0,45.0,70.0,0.0,0.0,55.0,30.0,"74,000.00","74,000.00",37.5,41.7,25.0,16.7,25.0,33.3,12.5,8.3,Delaware
Tech Elevator,Pittsburgh,Full-Stack Software Development,"16,500.00",1.0,1.0,1.0,1.0,1.0,0.0,0.0,0.0,0.0,0.0,0.0,1.0,0.0,0.0,0.0,0.0,0.0,0.0,0.0,0.0,0.0,0.0,0.0,0.0,0.0,0.0,0.0,0.0,0.0,0.0,0.0,0.0,1/1/2022,6/30/2022,95,42,95.7,93.3,64.3,81.0,2.4,2.4,33.3,16.7,"62,500.00","62,000.00",82.1,80.0,14.3,17.1,3.6,2.9,0.0,0.0,Pennsylvania
Codeup,San Antonio - Vogue,Full-Stack Web Development,"22,500.00",1.0,0.0,1.0,1.0,1.0,0.0,1.0,0.0,0.0,0.0,0.0,0.0,1.0,0.0,0.0,0.0,1.0,1.0,0.0,0.0,0.0,0.0,0.0,0.0,0.0,0.0,0.0,0.0,0.0,0.0,0.0,0.0,1/1/2022,6/30/2022,200,101,79.5,100.0,45.0,73.8,1.3,1.3,53.8,25.0,"57,491.00","56,160.00",79.2,77.6,6.9,8.2,3.4,6.1,10.3,8.2,Texas
Tech Elevator,Philadelphia,Full-Stack Software Development,"16,500.00",1.0,1.0,1.0,1.0,1.0,0.0,0.0,0.0,0.0,0.0,0.0,1.0,0.0,0.0,0.0,0.0,0.0,0.0,0.0,0.0,0.0,0.0,0.0,0.0,0.0,0.0,0.0,0.0,0.0,0.0,0.0,0.0,1/1/2022,6/30/2022,95,40,90.0,100.0,66.7,80.6,0.0,0.0,33.3,19.4,"70,000.00","70,500.00",47.8,42.9,26.1,21.4,8.7,7.1,8.7,7.1,Pennsylvania
Code Platoon,Chicago,Full-Stack Web Development,"15,500.00",0.0,0.0,1.0,1.0,1.0,0.0,0.0,0.0,1.0,0.0,0.0,1.0,0.0,1.0,0.0,0.0,1.0,0.0,0.0,0.0,1.0,0.0,0.0,0.0,0.0,0.0,0.0,0.0,0.0,0.0,0.0,0.0,1/1/2022,6/30/2022,120,65,93.0,98.5,48.4,77.4,0.0,0.0,51.6,22.6,"90,000.00","85,500.00",27.5,34.0,3.4,4.0,17.2,16.0,51.7,46.0,Illinois
Codeup,San Antonio - Vogue,Data Science BootCamp,"22,500.00",0.0,0.0,0.0,0.0,0.0,0.0,0.0,0.0,0.0,0.0,0.0,1.0,0.0,0.0,0.0,0.0,0.0,0.0,0.0,1.0,1.0,0.0,1.0,1.0,1.0,1.0,1.0,1.0,1.0,1.0,1.0,1.0,1/1/2022,6/30/2022,200,40,81.6,100.0,77.5,85.0,0.0,0.0,22.5,15.0,"73,000.00","73,000.00",34.5,29.4,34.5,41.2,6.9,5.9,24.1,20.6,Texas
Turing School of Software and Design,Online,Front End Engineering,"25,000.00",-1.0,-1.0,-1.0,-1.0,-1.0,-1.0,-1.0,-1.0,-1.0,-1.0,-1.0,-1.0,-1.0,-1.0,-1.0,-1.0,-1.0,-1.0,-1.0,-1.0,-1.0,-1.0,-1.0,-1.0,-1.0,-1.0,-1.0,-1.0,-1.0,-1.0,-1.0,-1.0,1/1/2022,6/30/2022,220,85,67.6,100.0,61.9,77.4,0.0,0.0,35.7,20.2,"90,000.00","90,000.00",15.1,16.7,3.8,7.6,20.8,18.2,56.6,53.0,Online
Tech Elevator,Remote,Full-Stack Software Development,"16,500.00",1.0,1.0,1.0,1.0,1.0,0.0,0.0,0.0,0.0,0.0,0.0,1.0,0.0,0.0,0.0,0.0,0.0,0.0,0.0,0.0,0.0,0.0,0.0,0.0,0.0,0.0,0.0,0.0,0.0,0.0,0.0,0.0,1/1/2022,6/30/2022,95,136,95.3,71.7,69.0,83.1,0.0,0.0,31.0,16.9,"62,400.00","61,200.00",69.1,69.2,18.2,15.4,7.3,9.2,5.5,6.2,Online
Tech Elevator,Cincinnati,Full-Stack Software Development,"16,500.00",1.0,1.0,1.0,1.0,1.0,0.0,0.0,0.0,0.0,0.0,0.0,1.0,0.0,0.0,0.0,0.0,0.0,0.0,0.0,0.0,0.0,0.0,0.0,0.0,0.0,0.0,0.0,0.0,0.0,0.0,0.0,0.0,1/1/2022,6/30/2022,95,21,85.7,100.0,88.9,94.4,0.0,0.0,11.1,5.6,"67,500.00","65,000.00",50.0,53.0,50.0,47.1,0.0,0.0,0.0,0.0,Ohio
Turing School of Software and Design,Online,Back End Engineering,"25,000.00",-1.0,-1.0,-1.0,-1.0,-1.0,-1.0,-1.0,-1.0,-1.0,-1.0,-1.0,-1.0,-1.0,-1.0,-1.0,-1.0,-1.0,-1.0,-1.0,-1.0,-1.0,-1.0,-1.0,-1.0,-1.0,-1.0,-1.0,-1.0,-1.0,-1.0,-1.0,-1.0,1/1/2022,6/30/2022,220,75,62.1,100.0,66.7,74.7,0.0,0.0,30.7,22.7,"87,250.00","85,000.00",14.0,16.1,10.0,10.7,26.0,25.0,48.0,44.6,Online
